URL,¿En castellano?
https://www.rainberrytv.com,No
https://www.investing.com,No
https://www.mitele.es,No
https://www.telecinco.es,No
https://www.investing.com,No
https://www.mitele.es,No
https://www.science-a2z.com,No
https://www.lastnighton.com,No
https://www.dailymotion.com,No
https://www.telecinco.es,No
https://www.thedaddest.com,No
https://www.mentretiene.com,No
https://www.showsnob.com,No
https://www.cuatro.com,No
https://www.letras.com,No
https://www.eldesmarque.com,No
https://www.onechicagocenter.com,No
https://www.trendymatter.com,No
https://www.culturess.com,No
https://www.90min.com,No
https://www.justwatch.com,No
https://www.viki.com,No
https://www.cuatro.com,No
https://www.dailymotion.com,No
https://www.travian.com,No
https://www.kckingdom.com,No
https://www.loansocieties.com,No
https://www.cabroworld.com,No
https://www.travian.com,No
https://www.mitele.es,No
https://www.investing.com,No
https://www.hoopshabit.com,No
https://www.racooned.com,No
https://www.morehackz.com,No
https://www.loansocieties.com,No
https://www.dailymotion.com,No
https://www.marca.com,No
https://www.as.com,No
https://www.baeldung.com,No
https://www.computerhoy.com,No
https://www.aternos.org,No
https://www.hobbyconsolas.com,No
https://www.elperiodico.com,No
https://www.chathispano.com,No
https://www.maximiles.es,No
https://www.corrector-castellano.com,No
https://www.tiermaker.com,No
https://www.autobild.es,No
https://www.ccma.cat,No
https://www.capy.com,No
https://www.bemad.es,No
https://www.atresplayer.com,No
https://www.lolalytics.com,No
https://www.sport.es,No
https://www.justwatch.com,No
https://www.lasestrellas.tv,No
https://www.mtmad.es,No
https://www.dorksideoftheforce.com,No
https://www.footmercato.net,No
https://www.bamsmackpow.com,No
https://www.heraldweekly.com,No
https://www.doodle.com,No
https://www.tiempo.com,No
https://www.journeyranger.com,No
https://www.tokyvideo.com,No
https://www.doctoreport.com,No
https://www.genius.com,No
https://www.tvarticles.org,No
https://www.lne.es,No
https://www.sport.es,No
https://www.section215.com,No
https://www.atresplayer.com,No
https://www.dailyddt.com,No
https://www.ccma.cat,No
https://www.onlinesoccermanager.com,No
https://www.90min.com,No
https://www.maximiles.es,No
https://www.letras.com,No
https://www.bemad.es,No
https://www.thedaddest.com,No
https://www.travian.com,No
https://www.cashroadster.com,No
https://www.toptiphacks.com,No
https://www.betaseries.com,No
https://www.weloversize.com,No
https://www.elespanol.com,No
https://www.elespanol.com,No
https://www.lasestrellas.tv,No
https://www.frvr.com,No
https://www.wackojaco.com,No
https://www.justwatch.com,No
https://www.docjournals.com,No
https://www.infobae.com,No
https://www.energytv.es,No
https://www.underthelaces.com,No
https://www.filmaffinity.com,No
https://www.alarab.com,No
https://www.dressup.com,No
https://www.betaseries.com,No
https://www.as.com,No
https://www.historyallday.com,No
https://www.energytv.es,No
https://www.canalsur.es,No
https://www.ccma.cat,No
https://www.itsfoss.com,No
https://www.telecinco.es,No
https://www.trontv.com,No
https://www.superdeporte.es,No
https://www.hobbyconsolas.com,No
https://www.eldesmarque.com,No
https://www.travelermaster.com,No
https://www.techtrianlges.com,No
https://www.trucosdebricolaje.com,No
https://www.psicoactiva.com,No
https://www.ludoteka.com,No
https://www.sportdfw.com,No
https://www.autobild.es,No
https://www.lasestrellas.tv,No
https://www.fantasynamegenerators.com,No
https://www.battlemetrics.com,No
https://www.computerhoy.com,No
https://www.craiyon.com,No
https://www.tunefulsoul.com,No
https://www.Low volume inventory,No
https://www.hellhades.com,No
https://www.mentretiene.com,No
https://www.elnacional.cat,No
https://www.webcamsdeasturias.com,No
https://www.vozpopuli.com,No
https://www.lobandsmash.com,No
https://www.farodevigo.es,No
https://www.capy.com,No
https://www.cashroadster.com,No
https://www.marca.com,No
https://www.eldesmarque.com,No
https://www.progolfnow.com,No
https://www.mentretiene.com,No
https://www.atresplayer.com,No
https://www.antena3.com,No
https://www.maximiles.es,No
https://www.tvarticles.org,No
https://www.farfeshplus.online,No
https://www.ultimahora.es,No
https://www.vistoenlasredes.com,No
https://www.racooned.com,No
https://www.travelerdoor.com,No
https://www.247mirror.com,No
https://www.joesfeed.com,No
https://www.time.is,No
https://www.motor.es,No
https://www.copyprogramming.com,No
https://www.paper-io.com,No
https://www.divinity.es,No
https://www.estadiodeportivo.com,No
https://www.poe.ninja,No
https://www.magicspoiler.com,No
https://www.parentmood.com,No
https://www.lavozdeasturias.es,No
https://www.radio-espana.es,No
https://www.winteriscoming.net,No
https://www.superdeporte.es,No
https://www.southboundanddown.com,No
https://www.mundodeportivo.com,No
https://www.paperela.com,No
https://www.journeyranger.com,No
https://www.thedaddest.com,No
https://www.eldia.es,No
https://www.ludoteka.com,No
https://www.bridewired.com,No
https://www.es.y8.com,No
https://www.bettermanly.com,No
https://www.carterfive.com,No
https://www.lavozdeasturias.es,No
https://www.chathispano.com,No
https://www.chathispano.com,No
https://www.onlinesoccermanager.com,No
https://www.streetinsider.com,No
https://www.cuatro.com,No
https://www.as.com,No
https://www.honeyhunterworld.com,No
https://www.90min.com,No
https://www.teleserye.org,No
https://www.reallifediy.com,No
https://www.sofascore.com,No
https://www.televisa.com,No
https://www.Low volume inventory,No
https://www.kckingdom.com,No
https://www.thehuskyhaul.com,No
https://www.betaseries.com,No
https://www.genshinlab.com,No
https://www.trendymatter.com,No
https://www.futbol-11.com,No
https://www.kckingdom.com,No
https://www.elmundo.es,No
https://www.bestpap.com,No
https://www.expansion.com,No
https://www.toppoptoday.com,No
https://www.pikalytics.com,No
https://www.lavozdegalicia.es,No
https://www.tabs.ultimate-guitar.com,No
https://www.itftennis.com,No
https://www.es.ign.com,No
https://www.cope.es,No
https://www.suecalandia.com,No
https://www.es.ibancalculator.com,No
https://www.mundoprimaria.com,No
https://www.lagged.com,No
https://www.hispacams.com,No
https://www.comoacaba.com,No
https://www.symbaloo.com,No
https://www.tokyvideo.com,No
https://www.diariodemallorca.es,No
https://www.computerhoy.com,No
https://www.metronomeonline.com,No
https://www.footmercato.net,No
https://www.canalsur.es,No
https://www.showsnob.com,No
https://www.garmoth.com,No
https://www.tiermaker.com,No
https://www.myflm4u.net,No
https://www.topgear.es,No
https://www.morehackz.com,No
https://www.showsnob.com,No
https://www.mtmad.es,No
https://www.trendexposed.com,No
https://www.smite.guru,No
https://www.abc.com.py,No
https://www.magicspoiler.com,No
https://www.tokyvideo.com,No
https://www.scientistplus.com,No
https://www.tiempo.com,No
https://www.noticiasdenavarra.com,No
https://www.tvgam.es,No
https://www.hobbyconsolas.com,No
https://www.emestrada.org,No
https://www.elmundo.es,No
https://www.elnacional.cat,No
https://www.laprovincia.es,No
https://www.emestrada.org,No
https://www.psicologiaymente.com,No
https://www.12up.com,No
https://www.wackojaco.com,No
https://www.autobild.es,No
https://www.thefunpost.com,No
https://www.whythese.com,No
https://www.levante-emv.com,No
https://www.estilonext.com,No
https://www.grimtools.com,No
https://www.paperela.com,No
https://www.funniesnow.com,No
https://www.tastyarea.com,No
https://www.sircharlesincharge.com,No
https://www.kogama.com,No
https://www.tcae.com.es,No
https://www.foromtb.com,No
https://www.myfryingpan.com,No
https://www.okdiario.com,No
https://www.streetinsider.com,No
https://www.eleconomista.es,No
https://www.levante-emv.com,No
https://www.ibancalculator.com,No
https://www.historyallday.com,No
https://www.vialtest.com,No
https://www.funcatz.com,No
https://www.boredpanda.com,No
https://www.tvarticles.org,No
https://www.smite.guru,No
https://www.lingojam.com,No
https://www.morehackz.com,No
https://www.racooned.com,No
https://www.dailybee.com,No
https://www.laopiniondemurcia.es,No
https://www.trucosdebricolaje.com,No
https://www.mkyong.com,No
https://www.businessinsider.com,No
https://www.voyagetips.com,No
https://www.lasexta.com,No
https://www.forococheselectricos.com,No
https://www.gmanetwork.com,No
https://www.horoscoponegro.com,No
https://www.withmyladies.com,No
https://www.jeux-gratuits.com,No
https://www.vecteezy.com,No
https://www.capy.com,No
https://www.emojipedia.org,No
https://www.corrector-castellano.com,No
https://www.btrending.com,No
https://www.doctoreport.com,No
https://www.techtrianlges.com,No
https://www.tomatazos.com,No
https://www.cuantarazon.com,No
https://www.elperiodico.com,No
https://www.10fastfingers.com,No
https://www.futwiz.com,No
https://www.culturess.com,No
https://www.motor1.com,No
https://www.sitepoint.com,No
https://www.ukulele-tabs.com,No
https://www.tecnotuto.com,No
https://www.cibercuba.com,No
https://www.underthelaces.com,No
https://www.filmaffinity.com,No
https://www.hole-io.com,No
https://www.topgear.es,No
https://www.elespanol.com,No
https://www.dorksideoftheforce.com,No
https://www.rhymejunkie.com,No
https://www.thatsmybis.com,No
https://www.exceljet.net,No
https://www.elconfidencial.com,No
https://www.itftennis.com,No
https://www.districtondeck.com,No
https://www.engblocks.com,No
https://www.elperiodicoextremadura.com,No
https://www.antena3.com,No
https://www.dressup.com,No
https://www.d20pfsrd.com,No
https://www.mail.com,No
https://www.elperiodicomediterraneo.com,No
https://www.aetherhub.com,No
https://www.ensedeciencia.com,No
https://www.okdiario.com,No
https://www.trendymatter.com,No
https://www.diaridegirona.cat,No
https://www.sanateysana.com,No
https://www.makeuseof.com,No
https://www.pocket-lint.com,No
https://www.uncafeconletras.net,No
https://www.realoem.com,No
https://www.citethisforme.com,No
https://www.precincttv.com,No
https://www.ch3plus.com,No
https://www.horoscoponegro.com,No
https://www.elperiodico.com,No
https://www.informacion.es,No
https://www.ludoteka.com,No
https://www.wooga.com,No
https://www.mytuner-radio.com,No
https://www.toptiphacks.com,No
https://www.mundodeportivo.com,No
https://www.visiontimesnews.com,No
https://www.tvguia.es,No
https://www.visualchase.com,No
https://www.noticiasdealava.eus,No
https://www.lavozdeasturias.es,No
https://www.dorksideoftheforce.com,No
https://www.lavozdegalicia.es,No
https://www.lastnighton.com,No
https://www.pikalytics.com,No
https://www.playtoys.tv,No
https://www.emisorascolombianas.co,No
https://www.noticiasdenavarra.com,No
https://www.noticiasdegipuzkoa.eus,No
https://www.lne.es,No
https://www.pubfinity.com,No
https://www.lavanguardia.com,No
https://www.digitaltrends.com,No
https://www.mtmad.es,No
https://www.doctoreport.com,No
https://www.eldia.es,No
https://www.es.y8.com,No
https://www.kyocode.com,No
https://www.heraldo.es,No
https://www.btrending.com,No
https://www.noticiasdenavarra.com,No
https://www.marca.com,No
https://www.ultimate-guitar.com,No
https://www.lasexta.com,No
https://www.healthygeorge.com,No
https://www.clm24.es,No
https://www.memedeportes.com,No
https://www.astrostyle.com,No
https://www.myflm4u.net,No
https://www.globo.com,No
https://www.es.calcuworld.com,No
https://www.hitfm.es,No
https://www.toptiphacks.com,No
https://www.m.cuantocabron.com,No
https://www.fotor.com,No
https://www.rac1.cat,No
https://www.247mirror.com,No
https://www.finofilipino.org,No
https://www.kueez.com,No
https://www.farodevigo.es,No
https://www.dailyddt.com,No
https://www.epe.es,No
https://www.rustmaps.com,No
https://www.forococheselectricos.com,No
https://www.wackojaco.com,No
https://www.benzinga.com,No
https://www.soloelectronicos.com,No
https://www.tiempo.com,No
https://www.laprovincia.es,No
https://www.tecnotuto.com,No
https://www.researchgate.net,No
https://www.darya.net,No
https://www.hoopshabit.com,No
https://www.hoopshabit.com,No
https://www.bestpap.com,No
https://www.filmserialirani.com,No
https://www.canalrcn.com,No
https://www.laopinioncoruna.es,No
https://www.winteriscoming.net,No
https://www.myflm4u.net,No
https://www.lastnighton.com,No
https://www.wizard101central.com,No
https://www.metro951.com,No
https://www.officialcharts.com,No
https://www.progolfnow.com,No
https://www.diariodeibiza.es,No
https://www.lingojam.com,No
https://www.20minutos.es,No
https://www.estadiodeportivo.com,No
https://www.sport.es,No
https://www.culturess.com,No
https://www.linuxhandbook.com,No
https://www.elperiodicodearagon.com,No
https://www.directoalpaladar.com,No
https://www.fiscomania.com,No
https://www.radiation-dosimetry.org,No
https://www.informacion.es,No
https://www.healthandwellnesnews.com,No
https://www.sportdfw.com,No
https://www.laopiniondemalaga.es,No
https://www.lavanguardia.com,No
https://www.101soundboards.com,No
https://www.balticlivecam.com,No
https://www.progolfnow.com,No
https://www.befashionly.com,No
https://www.learnubuntu.com,No
https://www.vialtest.com,No
https://www.navarratelevision.es,No
https://www.diariocordoba.com,No
https://www.vistoenlasredes.com,Sí
https://www.dailybee.com,No
https://www.drivingtodays.com,No
https://www.cokitos.com,No
https://www.domesticatedcompanion.com,No
https://www.tabonito.com,No
https://www.laopiniondemurcia.es,No
https://www.es.testsworld.net,No
https://www.bridewired.com,No
https://www.canalsur.es,No
https://www.astrology.com,No
https://www.mydiwise.com,No
https://www.historyallday.com,No
https://www.mundoprimaria.com,No
https://www.moyens.net,No
https://www.journeyranger.com,No
https://www.eurohoops.net,No
https://www.elcorreogallego.es,No
https://www.falafelandcaviar.com,No
https://www.ultimahora.es,No
https://www.travelermaster.com,No
https://www.material-properties.org,No
https://www.imagentv.com,No
https://www.atresmedia.com,No
https://www.midgab.com,No
https://www.charpress.com,No
https://www.techviewleo.com,No
https://www.discoveringabap.com,No
https://www.pasteboard.co,No
https://www.techtrianlges.com,No
https://www.theguardian.com,No
https://www.tvguia.es,No
https://www.newsweek.com,No
https://www.psicoactiva.com,No
https://www.automateexcel.com,No
https://www.es.y8.com,No
https://www.mastertheboss.com,No
https://www.recipepanda.tv,No
https://www.justexw.com,No
https://www.newsonground.com,No
https://www.bamsmackpow.com,No
https://www.ecartelera.com,No
https://www.wallpaperaccess.com,No
https://www.modernghana.com,No
https://www.nuclear-power.com,No
https://www.businessinsider.com,No
https://www.theperspective.com,No
https://www.puntodebreak.com,No
https://www.lastepochtools.com,No
https://www.newworldminimap.com,No
https://www.hispacams.com,No
https://www.larazon.es,No
https://www.variety.com,No
https://www.segre.com,No
https://www.larazon.es,No
https://www.stocktwits.com,No
https://www.paper-io.com,No
https://www.silentinstallhq.com,No
https://www.flamingoof.com,No
https://www.gratisspela.se,No
https://www.footballtransfers.com,No
https://www.marmiton.org,No
https://www.timesofindia.indiatimes.com,No
https://www.filmserialirani.com,No
https://www.laprensa.hn,No
https://www.webcamsdeasturias.com,No
https://www.bolsamania.com,No
https://www.pokemoncoders.com,No
https://www.teleserye.org,No
https://www.abc.com.py,No
https://www.healthygeorge.com,No
https://www.vivaligamx.com,No
https://www.text-compare.com,No
https://www.paper-io.com,No
https://www.los40.com,No
https://www.lolalytics.com,No
https://www.incendar.com,No
https://www.insider.com,No
https://www.kooora.com,No
https://www.lavozdegalicia.es,No
https://www.bettermanly.com,No
https://www.lobandsmash.com,No
https://www.onlinedoctranslator.com,No
https://www.forococheselectricos.com,No
https://www.puppybear.tv,No
https://www.kpopping.com,No
https://www.flyordie.com,No
https://www.infobae.com,No
https://www.comofriki.com,No
https://www.riotbits.com,No
https://www.auto10.com,No
https://www.ultimahora.es,No
https://www.elheraldo.co,No
https://www.marriage.com,No
https://www.vidaimprimible.com,No
https://www.hola.com,No
https://www.tomatazos.com,No
https://www.arkadiumarena.com,No
https://www.teletica.com,No
https://www.darya.net,No
https://www.boxrec.com,No
https://www.daily-choices.com,No
https://www.farodevigo.es,No
https://www.loansocieties.com,No
https://www.marmiton.org,No
https://www.sportskeeda.com,No
https://www.periodicodeibiza.es,No
https://www.travelerdoor.com,No
https://www.psychicmonday.com,No
https://www.climate-data.org,No
https://www.dustinabbott.net,No
https://www.wallstoriez.com,No
https://www.visualchase.com,No
https://www.therealchamps.com,No
https://www.tunefulsoul.com,No
https://www.itftennis.com,No
https://www.euston96.com,No
https://www.salud180.com,No
https://www.microbiologynote.com,No
https://www.creaciondempresas.es,No
https://www.rolimons.com,No
https://www.arealme.com,No
https://www.riotbits.com,No
https://www.districtondeck.com,No
https://www.accuradio.com,No
https://www.auralcrave.com,No
https://www.redshirtsalwaysdie.com,No
https://www.luxurlist.com,No
https://www.bgr.com,No
https://www.arkheim.com,No
https://www.re-actor.net,No
https://www.snowrider3d.com,No
https://www.shrinkplus.com,No
https://www.calciomercato.com,No
https://www.superdeporte.es,No
https://www.cadena100.es,No
https://www.teleserye.org,No
https://www.todoalicante.es,Sí
https://www.profesor10demates.com,No
https://www.finofilipino.org,No
https://www.yoursportspot.com,No
https://www.linuxtechi.com,No
https://www.comoacaba.com,No
https://www.underthelaces.com,No
https://www.pythonistaplanet.com,No
https://www.Low volume inventory,No
https://www.teletica.com,No
https://www.pianetagenoa1893.net,No
https://www.ensedeciencia.com,No
https://www.es.pog.com,No
https://www.parentztalk.com,No
https://www.yiv.com,No
https://www.joesfeed.com,No
https://www.travlerz.com,No
https://www.libremercado.com,No
https://www.elcorreogallego.es,No
https://www.elcorreo.com,No
https://www.fichajes.net,No
https://www.teleamazonas.com,No
https://www.trucosdebricolaje.com,No
https://www.bazzinga.me,No
https://www.scientistplus.com,No
https://www.fiscomania.com,No
https://www.elperiodicodeaqui.com,No
https://www.es.pog.com,No
https://www.ansiblepilot.com,No
https://www.thedatahall.com,No
https://www.diaridegirona.cat,No
https://www.dotesports.com,No
https://www.101soundboards.com,No
https://www.suecalandia.com,No
https://www.latexdraw.com,No
https://www.rosario3.com,No
https://www.theecofeed.com,No
https://www.typingtest.com,No
https://www.xiaomilive.com,No
https://www.maspalomasahora.com,No
https://www.motor.es,No
https://www.elconfidencial.com,No
https://www.regio7.cat,No
https://www.eldebate.com,Sí
https://www.deia.eus,No
https://www.thehuskyhaul.com,No
https://www.kueez.com,No
https://www.riggosrag.com,No
https://www.flamingoof.com,No
https://www.mobachampion.com,No
https://www.modoemprendedor.com,No
https://www.districtondeck.com,No
https://www.charpress.com,No
https://www.motor1.com,No
https://www.vrutal.com,No
https://www.historictalk.com,No
https://www.becasparalatinos.com,No
https://www.charpress.com,No
https://www.fansided.com,No
https://www.rakuten.net,No
https://www.alarab.com,No
https://www.modernghana.com,No
https://www.maisfontes.com,No
https://www.sneakernews.com,No
https://www.cooking4all.com,No
https://www.gangasamazing.com,No
https://www.pianetagenoa1893.net,No
https://www.bmwblog.com,No
https://www.visiontimesnews.com,No
https://www.ideal.es,No
https://www.antena3.com,No
https://www.playtoys.tv,No
https://www.diariodemallorca.es,No
https://www.onechicagocenter.com,No
https://www.cuantocabron.com,No
https://www.re-actor.net,No
https://www.businessinsider.es,No
https://www.mentalfloss.com,No
https://www.dailyddt.com,No
https://www.skoften.net,No
https://www.14ymedio.com,No
https://www.midgab.com,No
https://www.elconfidencial.com,No
https://www.travelerdoor.com,No
https://www.ondacero.es,No
https://www.poe-vault.com,No
https://www.science-a2z.com,No
https://www.insider.com,No
https://www.tcae.com.es,No
https://www.clarin.com,Sí
https://www.cabroworld.com,No
https://www.hitfm.es,No
https://www.techlandia.com,No
https://www.televisa.com,No
https://www.leccionfrancesfacil.com,No
https://www.virales.mobi,No
https://www.mahjonggratis.org,No
https://www.osuskinner.com,No
https://www.dailyfaceoff.com,No
https://www.gpfans.com,No
https://www.cosasdeljardin.com,No
https://www.ondemandlatino.com,No
https://www.losarcanos.com,No
https://www.chasiscero.com,No
https://www.elperiodicodearagon.com,No
https://www.miscosillasdecocina.com,No
https://www.epic7x.com,No
https://www.eslspeaking.org,No
https://www.virtualpiano.net,No
https://www.superbaby.tv,No
https://www.screenrant.com,No
https://www.newsonground.com,No
https://www.elfarodeceuta.es,No
https://www.irozuku.org,No
https://www.gpfans.com,No
https://www.parentztalk.com,No
https://www.elpais.com,No
https://www.cooking4all.com,No
https://www.peyanski.com,No
https://www.isotropic.co,No
https://www.thefunpost.com,No
https://www.networkingfunda.com,No
https://www.levante-emv.com,No
https://www.ipioo.net,No
https://www.cosasdeljardin.com,No
https://www.scegliauto.com,No
https://www.elmueble.com,No
https://www.motor1.com,No
https://www.onelittleproject.com,No
https://www.expansion.com,No
https://www.xataka.com,No
https://www.navarratelevision.es,No
https://www.forexlive.com,No
https://www.goodnessavenue.com,No
https://www.abc.com.py,No
https://www.eleconomista.es,No
https://www.20minutos.es,No
https://www.computingforgeeks.com,No
https://www.frvr.com,No
https://www.imagentv.com,No
https://www.rollingstone.com,No
https://www.indiewire.com,No
https://www.boredpanda.com,No
https://www.dressup.com,No
https://www.diyjoy.com,No
https://www.mejoress.com,No
https://www.xmlvalidation.com,No
https://www.elbuscolu.com,No
https://www.reneshbedre.com,No
https://www.tekcrispy.com,No
https://www.numuki.com,No
https://www.canarias7.es,Sí
https://www.gigantes.com,No
https://www.deia.eus,No
https://www.d0nkey.top,No
https://www.joesfeed.com,No
https://www.castellonbase.com,No
https://www.lne.es,No
https://www.jugomobile.com,No
https://www.wowmeta.com,No
https://www.mejoress.com,No
https://www.mytv-solution.com,No
https://www.science-a2z.com,No
https://www.worldmapblank.com,No
https://www.euronews.com,No
https://www.gogy.com,No
https://www.cashroadster.com,No
https://www.lobandsmash.com,No
https://www.history-a2z.com,No
https://www.enciclopedias.com,No
https://www.asio4all.org,No
https://www.footballtransfers.com,No
https://www.gangasamazing.com,No
https://www.whatsmydns.net,No
https://www.corrosionhour.com,No
https://www.lapseoftheshutter.com,No
https://www.newsweek.com,No
https://www.diariodeburgos.es,No
https://www.songkick.com,No
https://www.thetankclub.com,No
https://www.diariovasco.com,No
https://www.psychicmonday.com,No
https://www.pistonpowered.com,No
https://www.flohockey.tv,No
https://www.vg247.com,No
https://www.andaluciahiking.com,No
https://www.kooora.com,No
https://www.globo.com,No
https://www.tuasaude.com,No
https://www.caranddriver.com,No
https://www.onechicagocenter.com,No
https://www.filmaffinity.com,No
https://www.gestiopolis.com,No
https://www.libremercado.com,No
https://www.notinerd.com,No
https://www.techbriefly.com,No
https://www.lecturas.com,No
https://www.revistaquem.globo.com,No
https://www.futboleras.es,No
https://www.lagacetadesalamanca.es,Sí
https://www.laopiniondemalaga.es,No
https://www.eslactivity.org,No
https://www.fishkeepingworld.com,No
https://www.yad.com,No
https://www.traders.studio,No
https://www.mahee.es,No
https://www.sportitalialive.com,No
https://www.msfsaddons.com,No
https://www.retroways.com,No
https://www.audiophix.com,No
https://www.allrecipes.com,No
https://www.247mirror.com,No
https://www.zoxok.com,No
https://www.auralcrave.com,No
https://www.canarias7.es,Sí
https://www.publimetro.co,No
https://www.zeenews.india.com,No
https://www.thesmokingcuban.com,No
https://www.d20pfsrd.com,No
https://www.techuisitive.com,No
https://www.kora3lnet.net,No
https://www.netflixlife.com,No
https://www.latintraveler.org,No
https://www.mofunzone.com,No
https://www.vidio.com,No
https://www.notinerd.com,No
https://www.rockpapershotgun.com,No
https://www.enciclopedias.com,No
https://www.timesofindia.indiatimes.com,No
https://www.vrutal.com,No
https://www.elperiodicomediterraneo.com,No
https://www.bestpap.com,No
https://www.onlinesoccermanager.com,No
https://www.divinity.es,No
https://www.gpfans.com,No
https://www.bakingforfriends.com,No
https://www.midgab.com,No
https://www.es.ign.com,No
https://www.opossumsauce.com,No
https://www.elpais.com,No
https://www.jaysjournal.com,No
https://www.cope.es,No
https://www.comunio.es,No
https://www.diariodesevilla.es,No
https://www.hoy.es,No
https://www.weregreenly.com,No
https://www.es.gizmodo.com,No
https://www.5esrd.com,No
https://www.siytek.com,No
https://www.latintraveler.org,No
https://www.extra.com.py,No
https://www.revistaronda.net,No
https://www.travelermaster.com,No
https://www.dressupwho.com,No
https://www.wowescape.com,No
https://www.magicspoiler.com,No
https://www.greedyfinance.com,No
https://www.rebanando.com,No
https://www.cocokids.tv,No
https://www.bestofmotherboard.com,No
https://www.huffingtonpost.es,No
https://www.etniasdelmundo.com,No
https://www.reallifediy.com,No
https://www.elcomercio.es,No
https://www.drifted.com,No
https://www.profoundphysics.com,No
https://www.mcdonaldsprices.com,No
https://www.amusedbyandalucia.com,No
https://www.bbc.com,No
https://www.ar.y8.com,No
https://www.toppoptoday.com,No
https://www.viki.com,No
https://www.europapress.es,No
https://www.xda-developers.com,No
https://www.beisbolplay.com,No
https://www.tomatazos.com,No
https://www.toytv.tv,No
https://www.metro951.com,No
https://www.algrim.co,No
https://www.weareteachers.com,No
https://www.resultados-futbol.com,No
https://www.enter.co,No
https://www.thegraydetails.com,No
https://www.daily-choices.com,No
https://www.footballtransfers.com,No
https://www.hornomx.com,No
https://www.revistajaraysedal.es,No
https://www.cadenaser.com,No
https://www.arkcheat.com,No
https://www.uk.advfn.com,No
https://www.thebusinessprofessor.com,No
https://www.travlerz.com,No
https://www.motormag-weekly.com,No
https://www.cookie-clicker2.com,No
https://www.arkcheat.com,No
https://www.melodijolola.com,No
https://www.mby.com,No
https://www.sportitalialive.com,No
https://www.dreadcentral.com,No
https://www.m.cuantarazon.com,No
https://www.dreamyobsession.com,No
https://www.elsignificadode.net,No
https://www.lingojam.com,No
https://www.whatispiping.com,No
https://www.zetcode.com,No
https://www.codewithmukesh.com,No
https://www.cuidatudinero.com,No
https://www.trtizle.com,No
https://www.unicable.tv,No
https://www.saboresdemihuerto.com,No
https://www.reporteindigo.com,Sí
https://www.myenglishpages.com,No
https://www.watchtv24.com,No
https://www.atlanticohoy.com,No
https://www.elperiodicoextremadura.com,No
https://www.atlanticohoy.com,No
https://www.horoscoponegro.com,No
https://www.lagacetadesalamanca.es,Sí
https://www.motor.es,No
https://www.uncafeconletras.net,No
https://www.descubriendotuestilo.com,No
https://www.abs-cbn.com,No
https://www.sportzbonanza.com,No
https://www.mentalfloss.com,No
https://www.housethathankbuilt.com,No
https://www.languageclassinitaly.com,No
https://www.wizard101central.com,No
https://www.piembsystech.com,No
https://www.pcinvasion.com,No
https://www.heraldweekly.com,No
https://www.mujerhoy.com,No
https://www.publico.es,No
https://www.vegrecipesofindia.com,No
https://www.buzzerilla.com,No
https://www.diariodemallorca.es,No
https://www.infobae.com,No
https://www.tiermaker.com,No
https://www.docjournals.com,No
https://www.paininthearsenal.com,No
https://www.encuentos.com,No
https://www.hifireport.com,No
https://www.cadena100.es,No
https://www.liveworksheets.com,No
https://www.metroworldnews.com,No
https://www.decine21.com,No
https://www.garmoth.com,No
https://www.lasexta.com,No
https://www.mtgaassistant.net,No
https://www.withmyladies.com,No
https://www.crhoy.com,No
https://www.dmv-written-test.com,No
https://www.americadigital.com,No
https://www.suecalandia.com,No
https://www.orlandomagicdaily.com,No
https://www.oilprice.com,No
https://www.becasparalatinos.com,No
https://www.thesixersense.com,No
https://www.telemedellin.tv,No
https://www.lawlessenglish.com,No
https://www.d0nkey.top,No
https://www.passivemakers.com,No
https://www.hiddenremote.com,No
https://www.corsedimoto.com,No
https://www.reescribirtextos.com,No
https://www.noticiasaominuto.com,No
https://www.codingbeautydev.com,No
https://www.kizi.com,No
https://www.enjoy4fun.com,No
https://www.canal1.com.co,No
https://www.bemad.es,No
https://www.eleconomista.es,No
https://www.blabbermouth.net,No
https://www.gmanetwork.com,No
https://www.mytv-solution.com,No
https://www.heretocook.com,No
https://www.directvsports.com,No
https://www.g1.globo.com,No
https://www.turncranks.com,No
https://www.laopiniondezamora.es,No
https://www.theconstructor.org,No
https://www.nlarenas.com,No
https://www.telediario.cr,No
https://www.fisicalab.com,No
https://www.engblocks.com,No
https://www.free-hearts.com,No
https://www.wallstoriez.com,No
https://www.matthewjamestaylor.com,No
https://www.tecnotuto.com,No
https://www.infallibletechie.com,No
https://www.imaginelinux.com,No
https://www.sanateysana.com,No
https://www.tvguia.es,No
https://www.realitatea.net,No
https://www.mission-statement.com,No
https://www.artribune.com,No
https://www.dustinabbott.net,No
https://www.gamingbolt.com,No
https://www.directoalpaladar.com,No
https://www.tiempo.hn,No
https://www.hotspurhq.com,No
https://www.futbolenlatv.es,No
https://www.watchuseek.com,No
https://www.yiv.com,No
https://www.g1.globo.com,No
https://www.saplearners.com,No
https://www.lacontradejaen.com,No
https://www.tabonito.com,No
https://www.hablemosdeaves.com,No
https://www.entechin.com,No
https://www.soloelectronicos.com,No
https://www.talksport.com,No
https://www.expansion.com,No
https://www.arkadiumarena.com,No
https://www.ecartelera.com,No
https://www.owlzo.com,No
https://www.canalcocina.es,No
https://www.lagged.com,No
https://www.btrending.com,No
https://www.artprojectsforkids.org,No
https://www.r7.com,No
https://www.x-tecno.com,No
https://www.viajar.elperiodico.com,No
https://www.collider.com,No
https://www.shrinkplus.com,No
https://www.handylittleme.com,No
https://www.osuskins.net,No
https://www.beisbolplay.com,No
https://www.stylecaster.com,No
https://www.makitweb.com,No
https://www.telemedellin.tv,No
https://www.modelocurriculum.net,No
https://www.sofascore.com,No
https://www.365economist.com,No
https://www.sinemalar.com,No
https://www.medical-news.org,No
https://www.sasexamplecode.com,No
https://www.rightlivin.com,No
https://www.streetinsider.com,No
https://www.fr.y8.com,No
https://www.balticlivecam.com,No
https://www.netflixlife.com,No
https://www.okdiario.com,No
https://www.hablemosdeaves.com,No
https://www.solar-energia.net,No
https://www.peopleenespanol.com,No
https://www.weloversize.com,No
https://www.fortnitetracker.com,No
https://www.hardwoodhoudini.com,No
https://www.engblocks.com,No
https://www.energia-nuclear.net,No
https://www.hydrogenfuelnews.com,No
https://www.radiotunes.com,No
https://www.hifireport.com,No
https://www.decine21.com,No
https://www.videocelts.com,No
https://www.visualchase.com,No
https://www.flight-radar.eu,No
https://www.divinity.es,No
https://www.motorpasion.com,No
https://www.raptorsrapture.com,No
https://www.techpp.com,No
https://www.es.wikihow.com,No
https://www.saasradar.net,No
https://www.cocinaabuenashoras.com,No
https://www.rsscience.com,No
https://www.marmiton.org,No
https://www.nationaltoday.com,No
https://www.yepi.com,No
https://www.telemadrid.es,No
https://www.surfline.com,No
https://www.revistaquem.globo.com,No
https://www.lifestyle-a2z.com,No
https://www.fandom.com,No
https://www.justperfact.com,No
https://www.epe.es,No
https://www.eltiempo.com,No
https://www.lombardiave.com,No
https://www.pendrivelinux.com,No
https://www.lostiempos.com,No
https://www.decentralizedcreator.com,No
https://www.basketrandom.com,No
https://www.startsiden.no,No
https://www.carterfive.com,No
https://www.asivaespana.com,No
https://www.astrostyle.com,No
https://www.goal.com,No
https://www.elheraldo.co,No
https://www.tuko.co.ke,No
https://www.nukesdragons.com,No
https://www.blogredmachine.com,No
https://www.theguardian.com,No
https://www.rhymejunkie.com,No
https://www.srituhobby.com,No
https://www.topgear.es,No
https://www.section215.com,No
https://www.explorecams.com,No
https://www.ro.y8.com,No
https://www.diariodeibiza.es,No
https://www.vayagif.com,No
https://www.venatusmedia.com,No
https://www.pasteboard.co,No
https://www.zmescience.com,No
https://www.xiaomilive.com,No
https://www.ciclismoaldia.es,No
https://www.geordiebootboys.com,No
https://www.segre.com,No
https://www.safenow.org,No
https://www.cope.es,No
https://www.dailyknicks.com,No
https://www.operationsports.com,No
https://www.deadline.com,No
https://www.retroways.com,No
https://www.feelgoodfoodie.net,No
https://www.comoacaba.com,No
https://www.buzzerilla.com,No
https://www.poemhunter.com,No
https://www.eldia.es,No
https://www.ripollesdigital.cat,No
https://www.diariocordoba.com,No
https://www.electrical4u.net,No
https://www.clarin.com,Sí
https://www.java2blog.com,No
https://www.hispanaglobal.com,No
https://www.americansongwriter.com,No
https://www.cibercuba.com,No
https://www.trendoceans.com,No
https://www.oniricos.com,No
https://www.friv.uno,No
https://www.deutsch-coach.com,No
https://www.auto10.com,No
https://www.jang.com.pk,No
https://www.lazygirltranslations.com,No
https://www.drawize.com,No
https://www.nefisyemektarifleri.com,No
https://www.suoky.com,No
https://www.danzadefogones.com,No
https://www.chriswrites.com,No
https://www.huelvaya.es,No
https://www.horoscope.com,No
https://www.msn.com,No
https://www.accountinghub-online.com,No
https://www.destructoid.com,No
https://www.laopinioncoruna.es,No
https://www.swingcompleto.com,No
https://www.wotstars.com,No
https://www.drivingtodays.com,No
https://www.littlebigsnake.com,No
https://www.amusedbyandalucia.com,No
https://www.miequipajedemano.com,No
https://www.peyanski.com,No
https://www.heraldo.es,No
https://www.thetankclub.com,No
https://www.sharingthewander.com,No
https://www.parentmood.com,No
https://www.anyinstructor.com,No
https://www.saboresdemihuerto.com,No
https://www.conbasesllenas.com,No
https://www.mewatch.sg,No
https://www.arquitecturaydiseno.es,No
https://www.businessinsider.com,No
https://www.lachainemeteo.com,No
https://www.maximiles.com,No
https://www.kurir.rs,No
https://www.sonicperspectives.com,No
https://www.zeitgeistcode.com,No
https://www.newsweek.com,No
https://www.lifewithrumie.com,No
https://www.techbriefly.com,No
https://www.divinacocina.es,No
https://www.periodicodeibiza.es,No
https://www.eltiempo.es,No
https://www.marriage.com,No
https://www.machinemfg.com,No
https://www.passioneinter.com,No
https://www.benchresources.net,No
https://www.sircharlesincharge.com,No
https://www.elnacional.cat,No
https://www.kyocode.com,No
https://www.corrector-castellano.com,No
https://www.theinfocentric.com,No
https://www.cuantafauna.com,No
https://www.pikalytics.com,No
https://www.clashiverse.com,No
https://www.zeldadungeon.net,No
https://www.azurelib.com,No
https://www.dawgpounddaily.com,No
https://www.africanvibes.com,No
https://www.caracoltv.com,No
https://www.turtlediary.com,No
https://www.boulistenaute.com,No
https://www.ciclo21.com,No
https://www.bolsagrafica.com,No
https://www.cadenaser.com,No
https://www.diariodeleon.es,No
https://www.fichajes.net,No
https://www.iberbolsa.com,No
https://www.laopiniondezamora.es,No
https://www.laverdad.es,No
https://www.comunio.es,No
https://www.cadenaser.com,No
https://www.eldebate.com,No
https://www.laopinioncoruna.es,No
https://www.noticiasdealava.eus,No
https://www.noticiasdegipuzkoa.eus,No
https://www.uncafeconletras.net,No
https://www.vozpopuli.com,No
https://www.larioja.com,No
https://www.newtraderu.com,No
https://www.salamancartvaldia.es,No
https://www.salamancartvaldia.es,No
https://www.financenancy.com,No
https://www.mtbr.com,No
https://www.ukutabs.com,No
https://www.precincttv.com,No
https://www.yandex.com,No
https://www.levelup.com,No
https://www.eslgold.com,No
https://www.elperiodicoextremadura.com,No
https://www.thetechnodrom.com,No
https://www.dodgersway.com,No
https://www.nlarenas.com,No
https://www.instrumentosdemedicion.org,No
https://www.publictv.in,No
https://www.puhutv.com,No
https://www.redfedoradiary.com,No
https://www.spielen.com,No
https://www.photopea.com,No
https://www.gmenhq.com,No
https://www.parentztalk.com,No
https://www.estadiodeportivo.com,No
https://www.zylom.com,No
https://www.rosario3.com,No
https://www.vidio.com,No
https://www.racedepartment.com,No
https://www.eltiempo.com,No
https://www.bluemanhoop.com,No
https://www.lavanguardia.com,No
https://www.europafm.com,No
https://www.ipioo.net,No
https://www.ourtechroom.com,No
https://www.panama50.com,No
https://www.slingacademy.com,No
https://www.docjournals.com,No
https://www.meowplayground.com,No
https://www.hablemosdemitologias.com,No
https://www.thecelticbhoys.com,No
https://www.programiz.com,No
https://www.emprendedores.es,No
https://www.sportzbonanza.com,No
https://www.elplural.com,No
https://www.cakedecorist.com,No
https://www.cabroworld.com,No
https://www.inthebagkidscrafts.com,No
https://www.quoteambition.com,No
https://www.alsumaria.tv,No
https://www.memedeportes.com,No
https://www.platget.com,No
https://www.4j.com,No
https://www.supersoluce.com,No
https://www.br0wsers.com,No
https://www.eslspeaking.org,No
https://www.peyanski.com,No
https://www.zoxok.com,No
https://www.vehiclearmy.com,No
https://www.theecofeed.com,No
https://www.etechnophiles.com,No
https://www.pogo.com,No
https://www.elperiodico.cat,No
https://www.amongusplay.online,No
https://www.crochetbymery.com,No
https://www.futwiz.com,No
https://www.worldenglishblog.com,No
https://www.harpalgeo.tv,No
https://www.linuxtechi.com,No
https://www.padondenosvamos.com,No
https://www.cocinadelirante.com,No
https://www.anomadabroad.com,No
https://www.bluemanhoop.com,No
https://www.blenderbasecamp.com,No
https://www.tides4fishing.com,No
https://www.viajar.elperiodico.com,No
https://www.teachinginkoreanuniversity.com,No
https://www.mahjongconnect.net,No
https://www.withthefirstpick.com,No
https://www.hiddenremote.com,No
https://www.interestingengineering.com,No
https://www.skoften.net,No
https://www.deepbluembedded.com,No
https://www.howtodoninja.com,No
https://www.brusheezy.com,No
https://www.minecraft-heads.com,No
https://www.euronews.com,No
https://www.infolibros.org,No
https://www.balldurham.com,No
https://www.zeenews.india.com,No
https://www.mynexttablet.com,No
https://www.acraftymix.com,No
https://www.gmanetwork.com,No
https://www.briankoponen.com,No
https://www.cosasdeljardin.com,No
https://www.cocinatis.com,No
https://www.blogspot.com,No
https://www.falafelandcaviar.com,No
https://www.heraldo.es,No
https://www.sodomojo.com,No
https://www.la-conjugaison.nouvelobs.com,No
https://www.depor.com,No
https://www.fontsquirrel.com,No
https://www.infosalus.com,No
https://www.grammarcheck.me,No
https://www.vidio.com,No
https://www.revisesociology.com,No
https://www.thescientificgardener.com,No
https://www.tiredriver.com,No
https://www.partiudisneyparks.com,No
https://www.cpu-monkey.com,No
https://www.backpackingbrunette.com,No
https://www.lacontradejaen.com,No
https://www.mvsnoticias.com,No
https://www.rutadelmate.com,No
https://www.mynexttablet.com,No
https://www.yad.com,No
https://www.modoemprendedor.com,No
https://www.elmundo.es,No
https://www.fantasynamegenerators.com,No
https://www.lucenahoy.com,No
https://www.arkcheat.com,No
https://www.apost.com,No
https://www.insider.com,No
https://www.vamosmisevillafc.com,No
https://www.worldstopexports.com,No
https://www.laopiniondemalaga.es,No
https://www.euston96.com,No
https://www.foodfromportugal.com,No
https://www.interestingengineering.com,No
https://www.therealchamps.com,No
https://www.beyondtheflag.com,No
https://www.ayiyo.com,No
https://www.betterdatascience.com,No
https://www.livinginacontainer.com,No
https://www.lexulous.com,No
https://www.linuxize.com,No
https://www.footyroom.co,No
https://www.spanish-fiestas.com,No
https://www.trome.com,No
https://www.artofmtg.com,No
https://www.oily-chic.com,No
https://www.vidaextra.com,No
https://www.jeuxvideo.com,No
https://www.flightsim.to,No
https://www.thelandryhat.com,No
https://www.jiujitsu-news.com,No
https://www.pinturillo2.com,No
https://www.rebanando.com,No
https://www.frvr.com,No
https://www.cloudhadoop.com,No
https://www.cooking4all.com,No
https://www.chefzeecooks.com,No
https://www.seeitlive.co,No
https://www.noticiasrcn.com,No
https://www.tastyarea.com,No
https://www.ilovephd.com,No
https://www.aviacionline.com,No
https://www.regio7.cat,No
https://www.sensacine.com,No
https://www.mediotiempo.com,No
https://www.deliciaskitchen.com,No
https://www.acolorfulday.com,No
https://www.rolimons.com,No
https://www.cakedecorist.com,No
https://www.karaspartyideas.com,No
https://www.jeuxvideo.com,No
https://www.diariodesevilla.es,No
https://www.insidemydream.com,No
https://www.geosuper.tv,No
https://www.foromtb.com,No
https://www.lyricsondemand.com,No
https://www.ebikechoices.com,No
https://www.mochimommy.com,No
https://www.shayefpro.com,No
https://www.larainfo.com,No
https://www.kotaku.com,No
https://www.devcoops.com,No
https://www.metroecuador.com.ec,No
https://www.djproducertech.com,No
https://www.cbr.com,No
https://www.zamoranews.com,No
https://www.formulatv.com,No
https://www.sportdfw.com,No
https://www.viralizalo.com,No
https://www.lapseoftheshutter.com,No
https://www.genshinlab.com,No
https://www.relationaldbdesign.com,No
https://www.poemhunter.com,No
https://www.howtogeek.com,No
https://www.history-a2z.com,No
https://www.geoguessr.com,No
https://www.imagentv.com,No
https://www.hole-io.com,No
https://www.onesweetharmony.com,No
https://www.ymcinema.com,No
https://www.besthorserider.com,No
https://www.clm24.es,No
https://www.mechanitec.ca,No
https://www.somosxbox.com,No
https://www.funcatz.com,No
https://www.withmyladies.com,No
https://www.freebrowsingcheat.com,No
https://www.filosofiaenlared.com,No
https://www.elegimaldia.es,No
https://www.tctelevision.com,No
https://www.ensedeciencia.com,No
https://www.lifeder.com,No
https://www.mhoninoticias.com,No
https://www.reescribirtextos.com,No
https://www.frogmom.com,No
https://www.lifeonai.com,No
https://www.cocovn.net,No
https://www.newsonground.com,No
https://www.basketball-stars.co,No
https://www.spikeybits.com,No
https://www.episode.ninja,No
https://www.la-conjugaison.nouvelobs.com,No
https://www.penaltyshooters2.com,No
https://www.visiontimesnews.com,No
https://www.skoften.net,No
https://www.all-car-news.com,No
https://www.informacion.es,No
https://www.elfarodemelilla.es,No
https://www.itechtics.com,No
https://www.owwaonline.com,No
https://www.englishexercises.org,No
https://www.onelittleproject.com,No
https://www.vnexpress.net,No
https://www.programtalk.com,No
https://www.hotcars.com,No
https://www.goal.com,No
https://www.periodicodeibiza.es,No
https://www.pelikone.fi,No
https://www.beautyhealthpage.com,No
https://www.wordsa.com,No
https://www.wamiz.es,No
https://www.nkechiajaeroh.com,No
https://www.myboxinglife.com,No
https://www.traders.studio,No
https://www.zdrave.ws,No
https://www.nourishingamy.com,No
https://www.phpflow.com,No
https://www.recetasdepan.net,No
https://www.untruesounds.com,No
https://www.tastyarea.com,No
https://www.padondenosvamos.com,No
https://www.englishgrammarsoft.com,No
https://www.canarias7.es,Sí
https://www.lifepathplan.com,No
https://www.nationaltoday.com,No
https://www.wowsoclean.com,No
https://www.eatliveescape.com,No
https://www.myselfintroduction.com,No
https://www.hifireport.com,No
https://www.marthastewart.com,No
https://www.trendencias.com,No
https://www.coderslegacy.com,No
https://www.amongus-online.net,No
https://www.espinof.com,No
https://www.carterfive.com,No
https://www.scopethegalaxy.com,No
https://www.environmentbuddy.com,No
https://www.interobservers.com,No
https://www.y8.com,No
https://www.playgroundweb.com,No
https://www.swimmingworldmagazine.com,No
https://www.iberobike.com,No
https://www.farsondigitalwatercams.com,No
https://www.mahjonggratis.es,No
https://www.eldeber.com.bo,No
https://www.wilmade.com,No
https://www.epic7x.com,No
https://www.noticiasaldiayalahora.co,No
https://www.balticlivecam.com,No
https://www.navarratelevision.es,No
https://www.440industries.com,No
https://www.sarahdegheselle.com,No
https://www.topdriverz.com,No
https://www.spandexsimplified.com,No
https://www.astronomy.com,No
https://www.craftologia.com,No
https://www.worldofsolitaire.com,No
https://www.resultados-futbol.com,No
https://www.yirmidort.tv,No
https://www.spikeybits.com,No
https://www.culturaenserie.com,No
https://www.cnbctv18.com,No
https://www.rugbyworld.com,No
https://www.video-facts.com,No
https://www.alcasthq.com,No
https://www.cricket.com.au,No
https://www.artribune.com,No
https://www.2player.co,No
https://www.quizerry.com,No
https://www.motorhungry.com,No
https://www.energytv.es,No
https://www.indianhealthyrecipes.com,No
https://www.onedio.com,No
https://www.mostrecommendedbooks.com,No
https://www.tubebg.com,No
https://www.diariopalentino.es,No
https://www.hopelesslydevotedcrochet.com,No
https://www.funkyspacemonkey.com,No
https://www.tourisme-marseille.com,No
https://www.revistagq.com,No
https://www.theguardian.com,No
https://www.hitc.com,No
https://www.abc.es,No
https://www.burgosconecta.es,No
https://www.diariodejerez.es,No
https://www.diariodenavarra.es,No
https://www.dircomfidencial.com,No
https://www.elperiodicomediterraneo.com,No
https://www.huffingtonpost.es,No
https://www.lagacetadesalamanca.es,Sí
https://www.lasprovincias.es,No
https://www.maspalomasahora.com,No
https://www.puntodebreak.com,No
https://www.sensacine.com,No
https://www.futboleras.es,No
https://www.modelocurriculum.net,No
https://www.noticiasdegipuzkoa.eus,No
https://www.vozpopuli.com,No
https://www.ecartelera.com,No
https://www.elcorreogallego.es,No
https://www.justexw.com,No
https://www.profesor10demates.com,No
https://www.ivoox.com,No
https://www.sparkbyexamples.com,No
https://www.xataka.com,No
https://www.cyclinguptodate.com,No
https://www.real-sociedad.diariovasco.com,No
https://www.cocinadominicana.com,No
https://www.mamamath.net,No
https://www.vectorlogo.es,No
https://www.guiainfantil.com,No
https://www.codinggear.blog,No
https://www.asweetalternative.com,No
https://www.briankoponen.com,No
https://www.itslinuxfoss.com,No
https://www.bluradio.com,No
https://www.romanews.eu,No
https://www.vistoenlasredes.com,No
https://www.drivingtodays.com,No
https://www.routerunlock.com,No
https://www.penaltyshooters2.com,No
https://www.billboard.com,No
https://www.telemadrid.es,No
https://www.alypaa.com,No
https://www.gemtvhub.com,No
https://www.thimbleandtwig.com,No
https://www.boingboing.net,No
https://www.thecelticblog.com,No
https://www.thefeedfeed.com,No
https://www.gogy.com,No
https://www.twopeasandtheirpod.com,No
https://www.boulistenaute.com,No
https://www.bikecommuterhero.com,No
https://www.directvsports.com,No
https://www.cookieandkate.com,No
https://www.farfeshplus.online,No
https://www.myotakuworld.com,No
https://www.izle7.com,No
https://www.guitartabsexplorer.com,No
https://www.ch3plus.com,No
https://www.paperela.com,No
https://www.espartedelviaje.com,No
https://www.goldderby.com,No
https://www.enjoy4fun.com,No
https://www.investopedia.com,No
https://www.clashiverse.com,No
https://www.dottzgaming.com,No
https://www.popmatters.com,No
https://www.881903.com,No
https://www.y8.com,No
https://www.expandetumente.com,No
https://www.bbc.com,No
https://www.digital-photography-school.com,No
https://www.leeleeknits.com,No
https://www.qwant.com,No
https://www.dynamics-tips.com,No
https://www.levelup.com,No
https://www.stb.ua,No
https://www.sportitalialive.com,No
https://www.irozuku.org,No
https://www.mundodeportivo.com,No
https://www.historictalk.com,No
https://www.carbuzz.com,No
https://www.chismeame.com,No
https://www.tuningblog.eu,No
https://www.telva.com,No
https://www.elplacerdelalectura.com,No
https://www.cosmopolitan.com,No
https://www.dmcx.com,No
https://www.mahjongdragon.com,No
https://www.ourplantbasedworld.com,No
https://www.unicable.tv,No
https://www.miniplay.com,No
https://www.healthandwellnesnews.com,No
https://www.mahjonggratis.es,No
https://www.klopotenko.com,No
https://www.clarosports.com,No
https://www.jpbound.com,No
https://www.cocinadelirante.com,No
https://www.metro951.com,No
https://www.how-to-study.com,No
https://www.calculators.org,No
https://www.brainly.in,No
https://www.tvnoob.com,No
https://www.yummymedley.com,No
https://www.readingpia.me,No
https://www.watchtv24.com,No
https://www.sircharlesincharge.com,No
https://www.rockykanaka.com,No
https://www.geekinsta.com,No
https://www.toffeeweb.com,No
https://www.asivaespana.com,No
https://www.amusedbyandalucia.com,No
https://www.forthefrills.com,No
https://www.atresmedia.com,No
https://www.online-ide.com,No
https://www.detik.com,No
https://www.ch3plus.com,No
https://www.djproducertech.com,No
https://www.brain-sharper.com,No
https://www.elbebe.com,No
https://www.videezy.com,No
https://www.online-tech-tips.com,No
https://www.telebasel.ch,No
https://www.insideevs.com,No
https://www.ediario.com,No
https://www.boulistenaute.com,No
https://www.femestella.com,No
https://www.access-excel.tips,No
https://www.20minutos.es,No
https://www.koooraleague.com,No
https://www.tablademareas.com,No
https://www.tagesanzeiger.ch,No
https://www.eslflow.com,No
https://www.spanishnumbers.guide,No
https://www.france24.com,No
https://www.rutadelmate.com,No
https://www.instyle.es,No
https://www.bernerzeitung.ch,No
https://www.footyrenders.com,No
https://www.blastingnews.com,No
https://www.elespectador.com,No
https://www.arcadespot.com,No
https://www.lulurainbow.com,No
https://www.atunwapodcasts.com,No
https://www.expertopportunities.com,No
https://www.delscookingtwist.com,No
https://www.sintoniafemenina.com,No
https://www.excel.facilparami.com,No
https://www.latribunadeciudadreal.es,No
https://www.hellhades.com,No
https://www.code-maze.com,No
https://www.ipioo.net,No
https://www.csr2boss.com,No
https://www.spanish-fiestas.com,No
https://www.deutsch-coach.com,No
https://www.gagaoolala.com,No
https://www.bamsmackpow.com,No
https://www.finance.yahoo.com,No
https://www.motogearnuts.com,No
https://www.footwearnews.com,No
https://www.wikisummaries.org,No
https://www.re-actor.net,No
https://www.universoabb.com,No
https://www.miniplay.com,No
https://www.cnnespanol.cnn.com,No
https://www.parents.com,No
https://www.cineserie.com,No
https://www.talesfromthelens.com,No
https://www.jiujitsu-news.com,No
https://www.vayagif.com,No
https://www.tuttosport.com,No
https://www.881903.com,No
https://www.vitonica.com,No
https://www.anomadabroad.com,No
https://www.artribune.com,No
https://www.disecor.com,No
https://www.lagged.com,No
https://www.materialwelding.com,No
https://www.salud180.com,No
https://www.gagaoolala.com,No
https://www.linguinecode.com,No
https://www.football.london,No
https://www.numerostelefono.com,No
https://www.best-minecraft-servers.co,No
https://www.seriouseats.com,No
https://www.live.geo.tv,No
https://www.theinfocentric.com,No
https://www.health.com,No
https://www.honeyhunterworld.com,No
https://www.twogetlost.com,No
https://www.geo.tv,No
https://www.udn.com,No
https://www.itsjavascript.com,No
https://www.pcplayerhub.com,No
https://www.accuweather.com,No
https://www.telemetro.com,No
https://www.livinginacontainer.com,No
https://www.sealifeplanet.com,No
https://www.adorocinema.com,No
https://www.guitartabsexplorer.com,No
https://www.quiltville.blogspot.com,No
https://www.bedtimeshortstories.com,No
https://www.cookingclassy.com,No
https://www.cadena100.es,No
https://www.elgoldigital.com,No
https://www.myneobuxportal.com,No
https://www.arynews.tv,No
https://www.befashionly.com,No
https://www.1plus1.video,No
https://www.pelotacubanausa.com,No
https://www.onlineradiobox.com,No
https://www.telebasel.ch,No
https://www.adnkronos.com,No
https://www.typingtest.com,No
https://www.camilamade.com,No
https://www.koreantopik.com,No
https://www.rac1.cat,No
https://www.lifebogger.com,No
https://www.ultrabookreview.com,No
https://www.ahdaathnet.com,No
https://www.nukesdragons.com,No
https://www.itsourcecode.com,No
https://www.hikersbay.com,No
https://www.rhymes.com,No
https://www.biologyonline.com,No
https://www.baby4y.com,No
https://www.soolide.com,No
https://www.healthnile.com,No
https://www.goal.com,No
https://www.realitatea.net,No
https://www.lavozdemedinadigital.com,No
https://www.surfline.com,No
https://www.csr2boss.com,No
https://www.beinsports.com,No
https://www.mujerymadrehoy.com,No
https://www.epe.es,No
https://www.mm-watch.com,No
https://www.tab-tv.com,No
https://www.funniesnow.com,No
https://www.grammarhow.com,No
https://www.iphonetricks.org,No
https://www.vectordad.com,No
https://www.optionsprofitcalculator.com,No
https://www.burladero.tv,No
https://www.escuderia.com,No
https://www.elnueve.com,No
https://www.streamguys.com,No
https://www.unorules.com,No
https://www.movieweb.com,No
https://www.workpointtv.com,No
https://www.gpblog.com,No
https://www.fakty.com.ua,No
https://www.mmmole.com,No
https://www.koreantopik.com,No
https://www.commandersherald.com,No
https://www.extra.globo.com,No
https://www.udoe.es,No
https://www.belquistwist.com,No
https://www.figandoliveplatter.com,No
https://www.dreameratheart.org,No
https://www.hellomagazine.com,No
https://www.juneandlily.com,No
https://www.retramites.com,No
https://www.geektonight.com,No
https://www.haberturk.com,No
https://www.motorverso.com,No
https://www.nacion.com,No
https://www.aydogs.com,No
https://www.buttercreamparties.com,No
https://www.yachtingmonthly.com,No
https://www.ew.com,No
https://www.menus.ph,No
https://www.latercera.com,No
https://www.modernmenscorner.com,No
https://www.abplive.com,No
https://www.romaniatv.net,No
https://www.iq.com,No
https://www.deutschekanale.com,No
https://www.copyprogramming.com,No
https://www.12up.com,No
https://www.rblxcodes.com,No
https://www.footmercato.net,No
https://www.swgohevents.com,No
https://www.ficherio.com,No
https://www.schoolwix.com,No
https://www.humorenserie.com,No
https://www.realliving.com.ph,No
https://www.tutorialsteacher.com,No
https://www.digitalspy.com/movies,No
https://www.organicbeautylover.com,No
https://www.gamaverse.com,No
https://www.talesfromthecollection.com,No
https://www.eldoce.tv,No
https://www.edupala.com,No
https://www.ign.com,No
https://www.pengejournalen.dk,No
https://www.reallifediy.com,No
https://www.grit.ph,No
https://www.hogarmania.com,No
https://www.abplive.com,No
https://www.charcotrip.com,No
https://www.thedevelopmentstages.com,No
https://www.liveworksheets.com,No
https://www.fangraphs.com,No
https://www.jalopnik.com,No
https://www.healthygeorge.com,No
https://www.workgearz.com,No
https://www.jamieoliver.com,No
https://www.minitool.com,No
https://www.punchng.com,No
https://www.xatakamovil.com,No
https://www.msn.com/pt-pt,No
https://www.vlsiverify.com,No
https://www.levelup.com,No
https://www.teleantioquia.co,No
https://www.lossaboresdemexico.com,No
https://www.dealmap.net,No
https://www.noticiasaominuto.com,No
https://www.clubdereposteria.com,No
https://www.eurekarecetas.com,No
https://www.orpheusaudioacademy.com,No
https://www.livewallpapers4free.com,No
https://www.myenglishpages.com,No
https://www.knowprogram.com,No
https://www.studyelectrical.com,No
https://www.blogspot.com,No
https://www.hablemosdemitologias.com,No
https://www.99businessideas.com,No
https://www.quiztudy.com,No
https://www.aiptcomics.com,No
https://www.turncranks.com,No
https://www.drones-camera.com,No
https://www.hellomagazine.com,No
https://www.starsue.net,No
https://www.jetsprops.com,No
https://www.mygreencloset.com,No
https://www.pression-pneu.net,No
https://www.telem1.ch,No
https://www.blox.link,No
https://www.extrudesign.com,No
https://www.cleanandtidyliving.com,No
https://www.jeffbrown.tech,No
https://www.houseofkingdoms.com,No
https://www.shoesmatrix.com,No
https://www.youeatplants.com,No
https://www.poe-vault.com,No
https://www.engineerfix.com,No
https://www.susiej.com,No
https://www.techlicious.com,No
https://www.msfsaddons.com,No
https://www.studygyaan.com,No
https://www.dejittr.com,No
https://www.electricasas.com,No
https://www.ghostarrow.com,No
https://www.zee5.com,No
https://www.clickydrip.com,No
https://www.51sec.org,No
https://www.toytv.tv,No
https://www.jazzradio.com,No
https://www.housakicks.com,No
https://www.spanishnumbers.guide,No
https://www.ngangasn.com,No
https://www.downshiftology.com,No
https://www.dnalgerie.com,No
https://www.johnnyafrica.com,No
https://www.soloelectronicos.com,No
https://www.arduinogetstarted.com,No
https://www.futbolobjetivo.com,No
https://www.elespectador.com,No
https://www.uncomocorreo.com,No
https://www.mymorningespresso.com,No
https://www.vwvortex.com,No
https://www.andaluciahiking.com,No
https://www.bbc.com,No
https://www.laurafuentes.soy,No
https://www.sheknows.com,No
https://www.halfglassgaming.com,No
https://www.mobafire.com,No
https://www.simpleflying.com,No
https://www.euroweeklynews.com,No
https://www.eltiempo.es,No
https://www.novosti.rs,No
https://www.winsports.co,No
https://www.poeticous.com,No
https://www.calculator-salariu.net,No
https://www.salud180.com,No
https://www.calculator-salariu.net,No
https://www.spanish-fiestas.com,No
https://www.topspeed.com,No
https://www.kitchenous.com,No
https://www.lifepathplan.com,No
https://www.coches.com,No
https://www.finescale.com,No
https://www.momcollective.com,No
https://www.harpalgeo.tv,No
https://www.ranker.com,No
https://www.spanishnumbers.guide,No
https://www.missing11.com,No
https://www.pocket-lint.com,No
https://www.etniasdelmundo.com,No
https://www.tabonito.com,No
https://www.domesticfashionista.com,No
https://www.unotv.com,No
https://www.hardwarecentric.com,No
https://www.elsalvador.com,No
https://www.veganwithgusto.com,No
https://www.teslastir.com,No
https://www.kizi.com,No
https://www.programme-television.org,No
https://www.cullyskitchen.com,No
https://www.thesunrisedreamers.com,No
https://www.techwafer.com,No
https://www.4chairstyles.com,No
https://www.bdolytics.com,No
https://www.defensacentral.com,No
https://www.networthspot.com,No
https://www.pawsandlearn.com,No
https://www.astrology.com,No
https://www.livestrong.com,No
https://www.horoscopochino.co,No
https://www.readysetjetset.net,No
https://www.footballhandbook.com,No
https://www.wired.com,No
https://www.alwaysusebutter.com,No
https://www.englishgrammarsoft.com,No
https://www.horoscope.com,No
https://www.caballow.com,No
https://www.theveganlarder.com,No
https://www.vice.com,No
https://www.asociate.es,No
https://www.actitudfem.com,No
https://www.computergaga.com,No
https://www.neowin.net,No
https://www.telemadrid.es,No
https://www.uccollabing.com,No
https://www.ideal.es,No
https://www.kpopping.com,No
https://www.clutchpoints.com,No
https://www.canalcocina.es,No
https://www.diaridegirona.cat,No
https://www.real-sociedad.diariovasco.com,No
https://www.elcocinerocasero.com,No
https://www.hadviser.com,No
https://www.allaboutami.com,No
https://www.charbelnemnom.com,No
https://www.episode.ninja,No
https://www.dmcx.com,No
https://www.tuttosport.com,No
https://www.mujerhoy.com,No
https://www.brighthubengineering.com,No
https://www.numerology.com,No
https://www.telemedellin.tv,No
https://www.flooxernow.com,No
https://www.discordbotlist.com,No
https://www.arquitecturaydiseno.es,No
https://www.kickincrochet.com,No
https://www.toddlermealideas.com,No
https://www.bakerella.com,No
https://www.calciomercato.com,No
https://www.sporx.com,No
https://www.taylordilk.com,No
https://www.ohmyluck.com,No
https://www.emprendedores.es,No
https://www.zamora24horas.com,No
https://www.motosan.es,No
https://www.whatsupmoms.com,No
https://www.techpp.com,No
https://www.mastertheboss.com,No
https://www.motorpasionmoto.com,No
https://www.kifarunix.com,No
https://www.ntn24.com,No
https://www.annahar.com,No
https://www.diariodesevilla.es,No
https://www.aistoucuisine.com,No
https://www.collider.com,No
https://www.remodelaholic.com,No
https://www.tvhdonline.org,No
https://www.eldiariomontanes.es,No
https://www.die-hunde.com,No
https://www.manufactur3dmag.com,No
https://www.splaitor.com,No
https://www.sondakika.com,No
https://www.amplifyxl.com,No
https://www.deutsch-coach.com,No
https://www.therecipecritic.com,No
https://www.travelwithme247blog.com,No
https://www.evolvearenas.com,No
https://www.realqunb.com,No
https://www.sanook.com,No
https://www.cropsreview.com,No
https://www.losreplicantes.com,No
https://www.setupmyhotel.com,No
https://www.carlogos.org,No
https://www.jdmeducational.com,No
https://www.techfundingnews.com,No
https://www.lacocinadelolidominguez.es,No
https://www.screenrant.com,No
https://www.viralesyfamosas.com,No
https://www.techfundingnews.com,No
https://www.twopeasandtheirpod.com,No
https://www.365economist.com,No
https://www.thexofactor.com,No
https://www.futurespaceworld.com,No
https://www.learncpp.com,No
https://www.travlerz.com,No
https://www.nomadnotmad.com,No
https://www.saxontheweb.net,No
https://www.mcdonaldsprices.com,No
https://www.infolibros.org,No
https://www.cdmxsecreta.com,No
https://www.futbolred.com,No
https://www.lifestylelatino.com,No
https://www.toppoptoday.com,No
https://www.alti-mag.com,No
https://www.securitronlinux.com,No
https://www.golfreviewsguide.com,No
https://www.golfreviewsguide.com,No
https://www.seniorfitness.org,No
https://www.istheservicedown.com,No
https://www.teletica.com,No
https://www.10differences.org,No
https://www.techwafer.com,No
https://www.linuxgenie.net,No
https://www.luxandlush.com,No
https://www.bolsamania.com,No
https://www.tourisme-marseille.com,No
https://www.montessorifromtheheart.com,No
https://www.birthdaypersonality.org,No
https://www.recetasgratis.net,No
https://www.medievalists.net,No
https://www.hydrogenfuelnews.com,No
https://www.annaharar.com,No
https://www.trendoceans.com,No
https://www.milenio.com,No
https://www.ngenespanol.com,No
https://www.realsimple.com,No
https://www.sabq.org,No
https://www.motorhungry.com,No
https://www.attackofthefanboy.com,No
https://www.squashsource.com,No
https://www.cafedelites.com,No
https://www.dustyoldthing.com,No
https://www.menshealth.com,No
https://www.transfermarkt.com,No
https://www.best-microcontroller-projects.com,No
https://www.setalarmonline.com,No
https://www.zdrave.org,No
https://www.allthingsthrifty.com,No
https://www.elcomercio.es,No
https://www.accuweather.com,No
https://www.msn.com,No
https://www.dapsmagic.com,No
https://www.dictionary.com,No
https://www.diagnostic-obd.com,No
https://www.eslactivity.org,No
https://www.flightview.com,No
https://www.estoesatleti.es,No
https://www.recursoseso.com,No
https://www.wofox.com,No
https://www.networkingfunda.com,No
https://www.wanderlustandlife.com,No
https://www.eastrohelp.com,No
https://www.bridewired.com,No
https://www.bpwebs.com,No
https://www.footdle.com,No
https://www.aviationnepal.com,No
https://www.twinfinite.net,No
https://www.andantemoderato.com,No
https://www.mamaloveslittles.com,No
https://www.brighthubengineering.com,No
https://www.historictalk.com,No
https://www.onedio.com,No
https://www.wikiapellidos.com,No
https://www.thewearify.com,No
https://www.castellonbase.com,No
https://www.xataka.com,No
https://www.clara.es,No
https://www.sanfranciscomoms.com,No
https://www.converthere.com,No
https://www.convertcsv.com,No
https://www.remodelormove.com,No
https://www.cmmedia.es,No
https://www.laverdad.es,No
https://www.blogs.20minutos.es,No
https://www.gitarrenakkorde.org,No
https://www.howtodoninja.com,No
https://www.arkadiumarena.com,No
https://www.fauxhammer.com,No
https://www.tenisaldia.es,No
https://www.boundingintocomics.com,No
https://www.marthastewart.com,No
https://www.genbeta.com,No
https://www.vice.com,No
https://www.wetnoseescapades.com,No
https://www.infos-geek.com,No
https://www.aprendiendoconjulia.com,No
https://www.mobile.ghanaweb.com,No
https://www.tcae.com.es,No
https://www.trinikid.com,No
https://www.neuf.tv,No
https://www.techjunkie.com,No
https://www.allrecipes.com,No
https://www.aetherhub.com,No
https://www.josecolorado.com,No
https://www.paperio.site,No
https://www.rebarkable.com,No
https://www.noisypixel.net,No
https://www.tiandeitnews.com,No
https://www.musescore.com,No
https://www.museumofwander.com,No
https://www.calendariodecolombia.com,No
https://www.getuplearn.com,No
https://www.kindacode.com,No
https://www.estrending.com,No
https://www.thatsmybis.com,No
https://www.chefs-resources.com,No
https://www.nieniedialogues.com,No
https://www.detsoteliv.no,No
https://www.manvsglobe.com,No
https://www.chiccafood.com,No
https://www.windowslovers.com,No
https://www.asianetnews.com,No
https://www.videocelts.com,No
https://www.whatsabyte.com,No
https://www.dramaslot.com,No
https://www.flashscore.es,No
https://www.airliners.net,No
https://www.yummytummyaarthi.com,No
https://www.machinistguides.com,No
https://www.madhattersnyc.com,No
https://www.ynetnews.com,No
https://www.ew.com,No
https://www.canlitv.link,No
https://www.kittiaroundtheworld.com,No
https://www.captain-ocean.com,No
https://www.bestofsenior.com,No
https://www.sporx.com,No
https://www.watcher.guru,No
https://www.lossaboresdemexico.com,No
https://www.elfutbolero.com.co,No
https://www.a2zwordfinder.com,No
https://www.asio4all.org,No
https://www.ravasheen.com,No
https://www.pequerecetas.com,No
https://www.streetwisejournal.com,No
https://www.masdeportesonline.com,No
https://www.pequeocio.com,No
https://www.granadahoy.com,No
https://www.themetalcircus.com,No
https://www.udlaspalmas.net,No
https://www.orientacionandujar.es,No
https://www.azsalud.com,No
https://www.thecrazycraftlady.com,No
https://www.smashedpeasandcarrots.com,No
https://www.planet-portugal.com,No
https://www.tarreo.com,No
https://www.101soundboards.com,No
https://www.thecandidcooks.com,No
https://www.etniasdelmundo.com,No
https://www.bestmonitoringtools.com,No
https://www.stickyball.net,No
https://www.tshirtgrowth.com,No
https://www.mmradio.com,No
https://www.microbiologynote.com,No
https://www.sinchew.com.my,No
https://www.band7success.com,No
https://www.myfridgefood.com,No
https://www.tutussfunny.com,No
https://www.rebanando.com,No
https://www.thebooknanny.com,No
https://www.horoscopochino.co,No
https://www.ride-hi.com,No
https://www.tiredriver.com,No
https://www.offside-official.com,No
https://www.seryusi.com,No
https://www.feelgoodfoodie.net,No
https://www.nypost.com,No
https://www.lastminuteengineers.com,No
https://www.camzillasmom.com,No
https://www.gogotick.com,No
https://www.katiecouric.com,No
https://www.lifebogger.com,No
https://www.supercarblondie.com,No
https://www.dejittr.com,No
https://www.insideevs.com,No
https://www.myotakuworld.com,No
https://www.techbriefly.com,No
https://www.golfreviewsguide.com,No
https://www.clashiverse.com,No
https://www.zona-zero.net,No
https://www.psnprofiles.com,No
https://www.tatertotsandjello.com,No
https://www.bjjdoc.com,No
https://www.syrialive.online,No
https://www.wellseasonedstudio.com,No
https://www.detoxinista.com,No
https://www.sciencing.com,No
https://www.imfixintoblog.com,No
https://www.nomadnotmad.com,No
https://www.safetyspecial.com,No
https://www.estoesatleti.es,No
https://www.kostenvanlevensonderhoud.com,No
https://www.thermal-engineering.org,No
https://www.unite-db.com,No
https://www.rootmeguide.com,No
https://www.thehindu.com,No
https://www.alcalahoy.es,No
https://www.objectifpleinair.com,No
https://www.criarcomercrescer.com,No
https://www.programme-television.org,No
https://www.baeldung.com,No
https://www.diyjoy.com,No
https://www.guitartwitt.com,No
https://www.grammarcheck.me,No
https://www.numerama.com,No
https://www.proyectovidaplena.com,No
https://www.rootmeguide.com,No
https://www.oilersnation.com,No
https://www.donskytech.com,No
https://www.noticiasrcn.com,No
https://www.themediterraneandish.com,No
https://www.elperiodicodearagon.com,No
https://www.thehomeicreate.com,No
https://www.wordchampionanswers.com,No
https://www.razafolklorica.com,No
https://www.amour-poemes.com,No
https://www.machinelearningknowledge.ai,No
https://www.stealherstyle.net,No
https://www.makeitsoundgreat.com,No
https://www.plexopedia.com,No
https://www.pickuptheguitar.com,No
https://www.elgourmet.com,No
https://www.powerfulmothering.com,No
https://www.statsroyale.com,No
https://www.futurespaceworld.com,No
https://www.americadigital.com,No
https://www.decoraciondetortasweb.com,No
https://www.accuradio.com,No
https://www.hebbarskitchen.com,No
https://www.aulafacil.com,No
https://www.physicsandmathstutor.com,No
https://www.onlinedoctranslator.com,No
https://www.differencebetweenshoes.com,No
https://www.phonearena.com,No
https://www.mentalmetaldetecting.com,No
https://www.techdecodetutorials.com,No
https://www.orpheusaudioacademy.com,No
https://www.comparethetire.com,No
https://www.calendarlabs.com,No
https://www.rootingsteps.com,No
https://www.objectifpleinair.com,No
https://www.dustinabbott.net,No
https://www.eatingwell.com,No
https://www.regio7.cat,No
https://www.thealohahut.com,No
https://www.erynwhalenonline.com,No
https://www.difference.guru,No
https://www.sembrar100.com,No
https://www.lifengoal.com,No
https://www.upstyledaily.com,No
https://www.brighthubeducation.com,No
https://www.decortweaks.com,No
https://www.infobiwenger.com,No
https://www.manoramaonline.com,No
https://www.investorshub.advfn.com,No
https://www.all-car-news.com,No
https://www.klopotenko.com,No
https://www.playgroundweb.com,No
https://www.excelweez.com,No
https://www.doodle.com,No
https://www.leccionfrancesfacil.com,No
https://www.ign.com,No
https://www.thefifthelementlife.com,No
https://www.thetransporterlife.com,No
https://www.patchworktimes.com,No
https://www.fishkeepingworld.com,No
https://www.elplural.com,No
https://www.thewoodworkplace.com,No
https://www.reallysimpleguitar.com,No
https://www.tvhdonline.org,No
https://www.vnexpress.net,No
https://www.legit.ng,No
https://www.bestofthislife.com,No
https://www.victoryroadvgc.com,No
https://www.reporteindigo.com,No
https://www.thecreativeshour.com,No
https://www.themomnutritionist.com,No
https://www.suasnews.com,No
https://www.gemstagram.com,No
https://www.espanol.babycenter.com,No
https://www.portaldecadiz.com,No
https://www.microscopemaster.com,No
https://www.investopedia.com,No
https://www.urlaub-in-thailand.com,No
https://www.comohacertutesis.top,No
https://www.findyourcakeinspiration.com,No
https://www.navbharattimes.indiatimes.com,No
https://www.superyachtfan.com,No
https://www.techinsocial.com,No
https://www.arabiaweather.com,No
https://www.josecolorado.com,No
https://www.drawcartoonstyle.com,No
https://www.lapeninsulahoy.es,No
https://www.scoutorama.com,No
https://www.artofmtg.com,No
https://www.siftwithkima.com,No
https://www.motogearnuts.com,No
https://www.elsignificadode.net,No
https://www.statesymbolsusa.org,No
https://www.villageandcottage.com,No
https://www.becomingpeculiar.com,No
https://www.therecipebandit.com,No
https://www.world-track.org,No
https://www.vegoutmag.com,No
https://www.estrending.com,No
https://www.soycolchonero.es,No
https://www.electrotoile.eu,No
https://www.thehongkongcookery.com,No
https://www.eating.nyc,No
https://www.sleepline.com,No
https://www.canal5radio.tv,No
https://www.captionsvibe.com,No
https://www.tucineclasico.es,No
https://www.ticktechtold.com,No
https://www.easyviajar.com,No
https://www.comuniate.com,No
https://www.recetasconthermo.com,No
https://www.master-academia.com,No
https://www.woodsmanreport.com,No
https://www.melangery.com,No
https://www.playlearnthrive.com,No
https://www.sweetkitchencravings.com,No
https://www.aydogs.com,No
https://www.lanzateyviaja.com,No
https://www.news18.com,No
https://www.bittersweetblog.com,No
https://www.tiroalpalo.com.es,No
https://www.andro-conseil.com,No
https://www.spine-health.com,No
https://www.columnavertebral.net,No
https://www.tvn-2.com,No
https://www.brighthub.com,No
https://www.bestofmotherboard.com,No
https://www.somlesfranqueses.cat,No
https://www.businesstoday.in,No
https://www.londoncitycalling.com,No
https://www.nurseship.com,No
https://www.tvline.com,No
https://www.eslspeaking.org,No
https://www.bellastyleliving.com,No
https://www.readingsoft.com,No
https://www.travelandleisure.com,No
https://www.mypathtotravel.com,No
https://www.swagcaptions.com,No
https://www.nefisyemektarifleri.com,No
https://www.perfil.com,No
https://www.laopinion.com,No
https://www.zerohanger.com,No
https://www.incendar.com,No
https://www.skysports.com,No
https://www.icemunmun.in,No
https://www.resultmama.com,No
https://www.comejoinmyjourney.com,No
https://www.salaryexplorer.com,No
https://www.newsweekespanol.com,No
https://www.yoyomismaymiscosas.com,No
https://www.mathepower.com,No
https://www.kissthebride.biz,No
https://www.antena2.com,No
https://www.cyclepedal.com,No
https://www.hd-report.com,No
https://www.shehitrefresh.com,No
https://www.arduinogetstarted.com,No
https://www.diferenciario.com,No
https://www.theculinarychase.com,No
https://www.zamora24horas.com,No
https://www.ruckformiles.com,No
https://www.fextralife.com,No
https://www.stealherstyle.net,No
https://www.recursoseso.com,No
https://www.brainybackpackers.com,No
https://www.tatuantes.com,No
https://www.nlarenas.com,No
https://www.viajar.elperiodico.com,No
https://www.express.pk,No
https://www.lakesidesmokers.com,No
https://www.constructionor.com,No
https://www.thenomadicfitzpatricks.com,No
https://www.cheknews.ca,No
https://www.spss-tutorials.com,No
https://www.onltv.net,No
https://www.tuningblog.eu,No
https://www.ara.cat,No
https://www.coolstuffshub.com,No
https://www.huelvainformacion.es,No
https://www.hipertextual.com,No
https://www.interbenavente.es,No
https://www.revistajaraysedal.es,No
https://www.growingdawn.com,No
https://www.escuderia.com,No
https://www.pickuptheguitar.com,No
https://www.cadenadial.com,No
https://www.aramland.com,No
https://www.saludaio.com,No
https://www.sportsest.com,No
https://www.themetalcircus.com,No
https://www.thesimplehomeplace.com,No
https://www.beautyandthebumpnyc.com,No
https://www.tiaclara.com,No
https://www.laopiniondezamora.es,No
https://www.onlinedoctranslator.com,No
https://www.myautomatedpalace.com,No
https://www.lateja.cr,No
https://www.mexicoenmicocina.com,No
https://www.quiltville.blogspot.com,No
https://www.dailyhoroscope.com,No
https://www.diagramasuml.com,No
https://www.newyorker.com,No
https://www.therecipecritic.com,No
https://www.brighthubpm.com,No
https://www.romeactually.com,No
https://www.oglobo.globo.com,No
https://www.eatingwell.com,No
https://www.recetassinsecretos.com,No
https://www.runnersworld.com,No
https://www.depor.com,No
https://www.malagahoy.es,No
https://www.vilaweb.cat,No
https://www.asociate.es,No
https://www.generacionxbox.com,No
https://www.lostwithlydia.com,No
https://www.webcamtaxi.com,No
https://www.trome.com,No
https://www.jetsprops.com,No
https://www.sinarharian.com.my,No
https://www.drivepedia.com,No
https://www.kapook.com,No
https://www.alcalahoy.es,No
https://www.cherryonmysundae.com,No
https://www.chewoutloud.com,No
https://www.itsnotcomplicatedrecipes.com,No
https://www.calendariochile.com,No
https://www.planehistoria.com,No
https://www.conmishijos.com,No
https://www.haberler.com,No
https://www.sportslumo.com,No
https://www.tarreo.com,No
https://www.lacopuchavacreciendo.com,No
https://www.tribuna.com,No
https://www.aragonmusical.com,No
https://www.moouda.com,No
https://www.emoji-copy-paste.com,No
https://www.schoolwix.com,No
https://www.renovablesverdes.com,No
https://www.bostonglobe.com,No
https://www.minecraft-heads.com,No
https://www.pymesyautonomos.com,No
https://www.pcijourney.com,No
https://www.tvline.com,No
https://www.infobierzo.com,No
https://www.referenciasapa.com,No
https://www.beisbolplay.com,No
https://www.laopinion.com,No
https://www.rulsmart.me,No
https://www.mjsbigblog.com,No
https://www.kooora.com,No
https://www.pasteboard.co,No
https://www.autosport.com,No
https://www.rotalianul.com,No
https://www.vlsiverify.com,No
https://www.mondo.rs,No
https://www.programme-television.org,No
https://www.imagineforest.com,No
https://www.thefashionball.com,No
https://www.junebugweddings.com,No
https://www.soyh8.com,No
https://www.fisioterapia-online.com,No
https://www.artnewsahdath.com,No
https://www.mundonow.com,No
https://www.ancientegyptianfacts.com,No
https://www.europasur.es,No
https://www.udlaspalmas.net,No
https://www.chataigpt.org,No
https://www.fotoefectos.com,No
https://www.mitrucoscaseros.com,No
https://www.shtfdad.com,No
https://www.sonicperspectives.com,No
https://www.deadwoodjedi.com,No
https://www.m.webaslan.com,No
https://www.modernparentsmessykids.com,No
https://www.handtoolsforfun.com,No
https://www.vogue.com,No
https://www.daysinspired.com,No
https://www.motorsport.tv,No
https://www.womenshealthmag.com,No
https://www.emisora.org.es,No
https://www.ok-recetas.com,No
https://www.syrialive.online,No
https://www.digitalspy.com/movies,No
https://www.daswetter.com,No
https://www.allthetests.com,No
https://www.lebaobabbleu.com,No
https://www.news18.com,No
https://www.playpilot.com,No
https://www.thecraftyquilter.com,No
https://www.newtoski.com,No
https://www.celosviral.com,No
https://www.reporteindigo.com,Sí
https://www.diariodevalderrueda.es,No
https://www.perfumenez.com,No
https://www.viraal.video,No
https://www.m.tuttosport.com,No
https://www.benzinga.com,No
https://www.aiso.la,No
https://www.thedramateacher.com,No
https://www.seryusi.com,No
https://www.rblxcodes.com,No
https://www.bhg.com,No
https://www.intercambioidiomasonline.com,No
https://www.salamanca24horas.com,No
https://www.yupptv.com,No
https://www.pariswells.com,No
https://www.askleo.com,No
https://www.opinionextrema.com,No
https://www.laguiagoogle.com,No
https://www.theroar.com.au,No
https://www.realliving.com.ph,No
https://www.examenglish.com,No
https://www.mundofauna.com,No
https://www.senenews.com,No
https://www.ablison.com,No
https://www.nydailynews.com,No
https://www.spacelaunchschedule.com,No
https://www.4-4-2.com,No
https://www.aristeguinoticias.com,No
https://www.papertoday24.com,No
https://www.universoabb.com,No
https://www.canal1.com.co,No
https://www.spirit-animals.com,No
https://www.aristeguinoticias.com,No
https://www.vertele.online,No
https://www.wowmeta.com,No
https://www.diariodetransporte.com,No
https://www.the-girl-who-ate-everything.com,No
https://www.cocineraymadre.com,No
https://www.feednews.com,No
https://www.youcut.pro,No
https://www.novelahd.com,No
https://www.elmira.es,No
https://www.la10.com.co,No
https://www.uk.soccerway.com,No
https://www.sports.yahoo.com,No
https://www.navbharattimes.indiatimes.com,No
https://www.battlemetrics.com,No
https://www.orgullobiri.com,No
https://www.9tana.com,No
https://www.hasanjasim.online,No
